<?xml version="1.0" encoding="UTF-8"?>
<project-private xmlns="http://www.netbeans.org/ns/project-private/1">
    <editor-bookmarks xmlns="http://www.netbeans.org/ns/editor-bookmarks/2" lastBookmarkId="0"/>
    <open-files xmlns="http://www.netbeans.org/ns/projectui-open-files/2">
        <group>
            <file>file:/Users/jaydentran1909/NetBeansProjects/Workshop6/src/workshop6/Menu.java</file>
            <file>file:/Users/jaydentran1909/NetBeansProjects/Workshop6/src/workshop6/StudentList.java</file>
            <file>file:/Users/jaydentran1909/NetBeansProjects/Workshop6/src/workshop6/Inputter.java</file>
            <file>file:/Users/jaydentran1909/NetBeansProjects/Workshop6/src/workshop6/StudentManager.java</file>
            <file>file:/Users/jaydentran1909/NetBeansProjects/Workshop6/src/workshop6/Workshop6.java</file>
            <file>file:/Users/jaydentran1909/NetBeansProjects/Workshop6/src/workshop6/Student.java</file>
        </group>
    </open-files>
</project-private>
